{"file":"fire_tex.png","mc":{"fire":{"labels":[{"end":6,"frame":1,"name":"fire"},{"end":12,"frame":7,"name":"ninja"}],"frameRate":24,"frames":[{"res":"fire_0","y":8,"duration":3,"x":-17},{"res":"fire_3","y":8,"duration":3,"x":-16},{"res":"ninja_0","y":17,"duration":3,"x":-10},{"res":"ninja_3","y":17,"duration":3,"x":-10}],"events":[]}},"res":{"ninja_0":{"x":167,"y":1,"w":130,"h":124},"fire_0":{"x":1,"y":1,"w":164,"h":132},"ninja_3":{"x":165,"y":135,"w":130,"h":124},"fire_3":{"x":1,"y":135,"w":162,"h":132}}}