{"file":"lion_tex.png","mc":{"circus":{"frames":[{"y":6,"duration":3,"res":"run_0","x":5},{"y":8,"duration":3,"res":"run_3","x":-15},{"y":8,"duration":3,"res":"run_6","x":-13},{"y":3,"duration":1,"res":"fail_0","x":-30},{"y":8,"duration":1,"res":"jump_0","x":-13}],"labels":[{"end":9,"frame":1,"name":"run"},{"end":10,"frame":10,"name":"fail"},{"end":11,"frame":11,"name":"jump"}],"frameRate":24,"events":[]}},"res":{"run_6":{"x":147,"y":137,"w":110,"h":134},"run_3":{"x":147,"y":1,"w":114,"h":134},"fail_0":{"x":1,"y":1,"w":144,"h":145},"jump_0":{"x":1,"y":148,"w":110,"h":134},"run_0":{"x":259,"y":137,"w":75,"h":138}}}